Attraction Points of Interest,,,India
Ferrari World Abu Dhabi,*,Abu Dhabi,10222
Sheikh Zayed Grand Mosque Center,*,Abu Dhabi,5710
SeaWorld Yas Island Abu Dhabi,*,Abu Dhabi,6728
Warner Bros. World 2016,*,Abu Dhabi,4926
"Emirates Palace Mandarin Oriental, Abu Dhabi",*,Abu Dhabi,3120
"Yas Waterworld Yas Island, Abu Dhabi",*,Abu Dhabi,4192
Qasr Al Watan,*,Abu Dhabi,2298
Louvre Abu Dhabi,*,Abu Dhabi,2008
Yas Mall,*,Abu Dhabi,2308
"Ferrari World Yas Island, Abu Dhabi",*,Abu Dhabi,3134
The Corniche,*,Abu Dhabi,2232
Saadiyat Beach,*,Abu Dhabi,1246
The National Aquarium Abu Dhabi,*,Abu Dhabi,1664
Emirates Park Zoo & Resort,*,Abu Dhabi,2034
Corniche Beach,*,Abu Dhabi,1360
Yas Marina Circuit,*,Abu Dhabi,1292
Abu Dhabi Desert Safari With Live Shows And BBQ Buffet Dinner,*,Abu Dhabi,1026
"Warner Bros. World Yas Island, Abu Dhabi",*,Abu Dhabi,1278
Marina Mall,*,Abu Dhabi,582
Emirates Heritage Village,*,Abu Dhabi,758
"Baps Hindu Mandir, Abu Dhabi",*,Abu Dhabi,2090
Abu Dhabi Dates Market,*,Abu Dhabi,1110
Abu Dhabi Mall,*,Abu Dhabi,580
Madinat Zayed Shopping Center,*,Abu Dhabi,438
Abu Dhabi: Morning Desert Safari with Camels and Sandboarding,*,Abu Dhabi,460
Observation Deck At 300,*,Abu Dhabi,544
Mangrove National Park,*,Abu Dhabi,552
Etihad Towers,*,Abu Dhabi,396
Yas Beach,*,Abu Dhabi,688
Abu Dhabi Duty Free,*,Abu Dhabi,908
The Galleria Al Maryah Island,*,Abu Dhabi,332
"Abu Dhabi: Desert Safari with BBQ, Camel Ride & Sandboarding",*,Abu Dhabi,470
Abu Dhabi National Exhibition Center,*,Abu Dhabi,614
"From Abu Dhabi: Sheikh Zayed Mosque, Royal Palace & Etihad Tower",*,Abu Dhabi,526
Abu Dhabi International Airport (AUH) VIP Lounge Access,Abu Dhabi,Abu Dhabi,183
Dining Experience at iconic Emirates Palace Abu Dhabi,*,Abu Dhabi,492
Island Hopping - 4 hours trip,*,Abu Dhabi,638
Abu Dhabi Half Day City Tour Sharing Experience,*,Abu Dhabi,460
Zayed Sports City,*,Abu Dhabi,666
Jebel Hafeet,Emirate of Abu Dhabi,Al Ain,321
Emirates National Auto Museum,*,Abu Dhabi,334
Al Dhabi Lounge,*,Abu Dhabi,488
Yas Marina Circuit Tour,*,Abu Dhabi,466
Yas Bay Waterfront,*,Abu Dhabi,388
Snow Abu Dhabi,*,Abu Dhabi,326
Al Ain Zoo,Emirate of Abu Dhabi,Al Ain,234
Ferrari World Abu Dhabi Admission Tickets (optional),*,Abu Dhabi,346
Sheikh Zayed Cricket Stadium,*,Abu Dhabi,354
"Travel and Tourism,Dubai tours, UAE Tours,Abu Dhabi",*,Abu Dhabi,342
Al Wathba Fossil Dunes,*,Abu Dhabi,374